"geo_id","estimate","year"
"US53033000100",77.9,"2010-2015"
"US53033000200",82.6,"2010-2015"
"US53033000300",78.4,"2010-2015"
"US53033000401",77.8,"2010-2015"
"US53033000500",82.1,"2010-2015"
"US53033000600",80,"2010-2015"
"US53033000700",82.1,"2010-2015"
"US53033000800",80.2,"2010-2015"
"US53033000900",82.8,"2010-2015"
"US53033001000",79.6,"2010-2015"
"US53033001100",80.7,"2010-2015"
"US53033001200",85.1,"2010-2015"
"US53033001300",78.6,"2010-2015"
"US53033001400",77.6,"2010-2015"
"US53033001500",83.6,"2010-2015"
"US53033001600",83.2,"2010-2015"
"US53033001701",78.9,"2010-2015"
"US53033001702",76.6,"2010-2015"
"US53033001800",79.4,"2010-2015"
"US53033001900",85.6,"2010-2015"
"US53033002000",82.6,"2010-2015"
"US53033002100",83.5,"2010-2015"
"US53033002200",82.6,"2010-2015"
"US53033002400",83.7,"2010-2015"
"US53033002500",83.1,"2010-2015"
"US53033002600",87.6,"2010-2015"
"US53033002700",85.1,"2010-2015"
"US53033002800",82.6,"2010-2015"
"US53033002900",82.4,"2010-2015"
"US53033003000",81.4,"2010-2015"
"US53033003100",82.6,"2010-2015"
"US53033003200",84.3,"2010-2015"
"US53033003300",80.2,"2010-2015"
"US53033003400",82.4,"2010-2015"
"US53033003500",83.1,"2010-2015"
"US53033003800",86.9,"2010-2015"
"US53033003900",83.3,"2010-2015"
"US53033004000",84.6,"2010-2015"
"US53033004100",84.6,"2010-2015"
"US53033004200",85.7,"2010-2015"
"US53033004301",84.8,"2010-2015"
"US53033004302",78.4,"2010-2015"
"US53033004500",81.2,"2010-2015"
"US53033004600",84,"2010-2015"
"US53033004700",80.4,"2010-2015"
"US53033004800",80,"2010-2015"
"US53033004900",75.2,"2010-2015"
"US53033005000",82.4,"2010-2015"
"US53033005100",83.1,"2010-2015"
"US53033005200",81.2,"2010-2015"
"US53033005400",84.8,"2010-2015"
"US53033005600",82.9,"2010-2015"
"US53033005700",82.4,"2010-2015"
"US53033005801",84.9,"2010-2015"
"US53033005802",83.9,"2010-2015"
"US53033005900",84.3,"2010-2015"
"US53033006000",78.7,"2010-2015"
"US53033006100",80.7,"2010-2015"
"US53033006200",82.9,"2010-2015"
"US53033006300",84.6,"2010-2015"
"US53033006400",86.9,"2010-2015"
"US53033006500",83.4,"2010-2015"
"US53033006600",81.2,"2010-2015"
"US53033006700",85.7,"2010-2015"
"US53033006800",76.9,"2010-2015"
"US53033006900",81.2,"2010-2015"
"US53033007000",82.4,"2010-2015"
"US53033007200",77.2,"2010-2015"
"US53033007300",81.4,"2010-2015"
"US53033007402",81.4,"2010-2015"
"US53033007500",78,"2010-2015"
"US53033007600",81,"2010-2015"
"US53033007700",73.2,"2010-2015"
"US53033007800",83.5,"2010-2015"
"US53033007900",79.7,"2010-2015"
"US53033008001",78,"2010-2015"
"US53033008002",80.5,"2010-2015"
"US53033008100",81,"2010-2015"
"US53033008200",77.4,"2010-2015"
"US53033008400",80,"2010-2015"
"US53033008500",86.4,"2010-2015"
"US53033008700",74.6,"2010-2015"
"US53033008800",80.4,"2010-2015"
"US53033008900",79.8,"2010-2015"
"US53033009000",78.1,"2010-2015"
"US53033009100",85.9,"2010-2015"
"US53033009200",76,"2010-2015"
"US53033009300",85.4,"2010-2015"
"US53033009400",88.1,"2010-2015"
"US53033009500",80.2,"2010-2015"
"US53033009600",80.4,"2010-2015"
"US53033009701",86,"2010-2015"
"US53033009702",81.4,"2010-2015"
"US53033009800",84.2,"2010-2015"
"US53033009900",80,"2010-2015"
"US53033010001",82.1,"2010-2015"
"US53033010002",79.8,"2010-2015"
"US53033010100",77.3,"2010-2015"
"US53033010200",83.4,"2010-2015"
"US53033010300",79,"2010-2015"
"US53033010401",82.1,"2010-2015"
"US53033010402",83.2,"2010-2015"
"US53033010500",79.2,"2010-2015"
"US53033010600",88.3,"2010-2015"
"US53033010701",77.5,"2010-2015"
"US53033010702",76.6,"2010-2015"
"US53033010800",79.7,"2010-2015"
"US53033010900",78.8,"2010-2015"
"US53033011001",76,"2010-2015"
"US53033011002",74.1,"2010-2015"
"US53033011101",76.9,"2010-2015"
"US53033011102",77.3,"2010-2015"
"US53033011200",73.3,"2010-2015"
"US53033011300",81.7,"2010-2015"
"US53033011401",76.6,"2010-2015"
"US53033011402",79.9,"2010-2015"
"US53033011500",79.2,"2010-2015"
"US53033011600",81.4,"2010-2015"
"US53033011700",79.8,"2010-2015"
"US53033011800",79.9,"2010-2015"
"US53033011900",77.7,"2010-2015"
"US53033012000",79.7,"2010-2015"
"US53033012100",83.6,"2010-2015"
"US53033020100",80.7,"2010-2015"
"US53033020200",82.3,"2010-2015"
"US53033020300",78.9,"2010-2015"
"US53033020401",77.3,"2010-2015"
"US53033020402",81.3,"2010-2015"
"US53033020500",78.7,"2010-2015"
"US53033020600",78.7,"2010-2015"
"US53033020700",78.7,"2010-2015"
"US53033020800",82.6,"2010-2015"
"US53033020900",80.8,"2010-2015"
"US53033021000",79.7,"2010-2015"
"US53033021100",74.2,"2010-2015"
"US53033021300",78.1,"2010-2015"
"US53033021400",81.4,"2010-2015"
"US53033021500",81.5,"2010-2015"
"US53033021600",84.3,"2010-2015"
"US53033021700",80.8,"2010-2015"
"US53033021802",82.2,"2010-2015"
"US53033021803",82.4,"2010-2015"
"US53033021804",82.1,"2010-2015"
"US53033021903",81.1,"2010-2015"
"US53033021904",80.5,"2010-2015"
"US53033021905",84.1,"2010-2015"
"US53033021906",81.4,"2010-2015"
"US53033022001",83.4,"2010-2015"
"US53033022003",80.8,"2010-2015"
"US53033022005",80,"2010-2015"
"US53033022006",82,"2010-2015"
"US53033022101",80,"2010-2015"
"US53033022102",81.4,"2010-2015"
"US53033022201",85.1,"2010-2015"
"US53033022202",83.8,"2010-2015"
"US53033022300",83.4,"2010-2015"
"US53033022400",82,"2010-2015"
"US53033022500",88.2,"2010-2015"
"US53033022603",80.7,"2010-2015"
"US53033022604",82.7,"2010-2015"
"US53033022605",81.4,"2010-2015"
"US53033022606",85.4,"2010-2015"
"US53033022701",86.6,"2010-2015"
"US53033022702",87,"2010-2015"
"US53033022703",85.5,"2010-2015"
"US53033022801",87,"2010-2015"
"US53033022802",83.6,"2010-2015"
"US53033022803",80.7,"2010-2015"
"US53033022901",80.5,"2010-2015"
"US53033022902",87.5,"2010-2015"
"US53033023000",82.4,"2010-2015"
"US53033023100",82.1,"2010-2015"
"US53033023201",82.4,"2010-2015"
"US53033023202",80.4,"2010-2015"
"US53033023300",82.8,"2010-2015"
"US53033023401",81.5,"2010-2015"
"US53033023403",82.9,"2010-2015"
"US53033023500",86.9,"2010-2015"
"US53033023601",80.9,"2010-2015"
"US53033023603",84.4,"2010-2015"
"US53033023604",90.7,"2010-2015"
"US53033023700",83.6,"2010-2015"
"US53033023801",83.1,"2010-2015"
"US53033023803",84,"2010-2015"
"US53033023804",88.8,"2010-2015"
"US53033023900",85.8,"2010-2015"
"US53033024000",84.4,"2010-2015"
"US53033024100",87.9,"2010-2015"
"US53033024200",86.8,"2010-2015"
"US53033024300",81,"2010-2015"
"US53033024400",84.5,"2010-2015"
"US53033024500",84.3,"2010-2015"
"US53033024601",87.7,"2010-2015"
"US53033024602",84.5,"2010-2015"
"US53033024701",82.9,"2010-2015"
"US53033024702",80.8,"2010-2015"
"US53033024800",87,"2010-2015"
"US53033024901",83.1,"2010-2015"
"US53033024902",81.5,"2010-2015"
"US53033024903",83,"2010-2015"
"US53033025001",85.5,"2010-2015"
"US53033025003",86.9,"2010-2015"
"US53033025005",84.1,"2010-2015"
"US53033025006",85.6,"2010-2015"
"US53033025101",80.3,"2010-2015"
"US53033025102",85.1,"2010-2015"
"US53033025200",82.5,"2010-2015"
"US53033025301",80.9,"2010-2015"
"US53033025302",81.4,"2010-2015"
"US53033025400",78.2,"2010-2015"
"US53033025500",79,"2010-2015"
"US53033025601",80.3,"2010-2015"
"US53033025602",88.7,"2010-2015"
"US53033025701",79.6,"2010-2015"
"US53033025702",82,"2010-2015"
"US53033025803",81,"2010-2015"
"US53033025804",84.1,"2010-2015"
"US53033025805",80.9,"2010-2015"
"US53033025806",80.1,"2010-2015"
"US53033026001",83.4,"2010-2015"
"US53033026002",81.7,"2010-2015"
"US53033026100",79.2,"2010-2015"
"US53033026200",80.8,"2010-2015"
"US53033026300",77.2,"2010-2015"
"US53033026400",80.6,"2010-2015"
"US53033026500",78.2,"2010-2015"
"US53033026600",75.5,"2010-2015"
"US53033026700",80.4,"2010-2015"
"US53033026801",78.8,"2010-2015"
"US53033026802",76.9,"2010-2015"
"US53033027000",81.7,"2010-2015"
"US53033027100",81.4,"2010-2015"
"US53033027200",74,"2010-2015"
"US53033027300",79.4,"2010-2015"
"US53033027400",78.1,"2010-2015"
"US53033027500",78.5,"2010-2015"
"US53033027600",79.8,"2010-2015"
"US53033027701",84.7,"2010-2015"
"US53033027702",83.7,"2010-2015"
"US53033027800",85.1,"2010-2015"
"US53033027900",80.2,"2010-2015"
"US53033028000",79.6,"2010-2015"
"US53033028100",79.2,"2010-2015"
"US53033028200",79.9,"2010-2015"
"US53033028300",79.1,"2010-2015"
"US53033028402",79.9,"2010-2015"
"US53033028403",78.8,"2010-2015"
"US53033028500",78,"2010-2015"
"US53033028600",82.6,"2010-2015"
"US53033028700",78.6,"2010-2015"
"US53033028801",79.3,"2010-2015"
"US53033028802",79.8,"2010-2015"
"US53033028901",77.7,"2010-2015"
"US53033028902",77.9,"2010-2015"
"US53033029001",79.5,"2010-2015"
"US53033029003",77.7,"2010-2015"
"US53033029004",75.9,"2010-2015"
"US53033029101",82,"2010-2015"
"US53033029102",82.5,"2010-2015"
"US53033029203",76.1,"2010-2015"
"US53033029204",77.6,"2010-2015"
"US53033029205",80.1,"2010-2015"
"US53033029206",78.5,"2010-2015"
"US53033029303",80.6,"2010-2015"
"US53033029304",81.2,"2010-2015"
"US53033029305",78.6,"2010-2015"
"US53033029306",79.3,"2010-2015"
"US53033029307",79.9,"2010-2015"
"US53033029403",82.4,"2010-2015"
"US53033029405",82.2,"2010-2015"
"US53033029406",79,"2010-2015"
"US53033029407",75,"2010-2015"
"US53033029408",82.8,"2010-2015"
"US53033029502",79.8,"2010-2015"
"US53033029503",81.8,"2010-2015"
"US53033029504",75.7,"2010-2015"
"US53033029601",78.4,"2010-2015"
"US53033029602",83.9,"2010-2015"
"US53033029700",80.5,"2010-2015"
"US53033029801",80.7,"2010-2015"
"US53033029802",77.4,"2010-2015"
"US53033029901",78.7,"2010-2015"
"US53033029902",79.4,"2010-2015"
"US53033030003",78.2,"2010-2015"
"US53033030004",80.7,"2010-2015"
"US53033030005",77.8,"2010-2015"
"US53033030006",80.9,"2010-2015"
"US53033030100",81.1,"2010-2015"
"US53033030201",76.1,"2010-2015"
"US53033030202",76,"2010-2015"
"US53033030304",80.3,"2010-2015"
"US53033030305",81.9,"2010-2015"
"US53033030306",80.6,"2010-2015"
"US53033030308",78.1,"2010-2015"
"US53033030309",81.3,"2010-2015"
"US53033030310",82.3,"2010-2015"
"US53033030311",77.6,"2010-2015"
"US53033030312",78.9,"2010-2015"
"US53033030313",74.7,"2010-2015"
"US53033030314",77.3,"2010-2015"
"US53033030401",82,"2010-2015"
"US53033030403",81,"2010-2015"
"US53033030404",79.2,"2010-2015"
"US53033030501",72.7,"2010-2015"
"US53033030503",75.5,"2010-2015"
"US53033030504",78.7,"2010-2015"
"US53033030600",75.2,"2010-2015"
"US53033030700",77.6,"2010-2015"
"US53033030801",72.8,"2010-2015"
"US53033030802",78.9,"2010-2015"
"US53033030901",74.3,"2010-2015"
"US53033030902",76.8,"2010-2015"
"US53033031000",82.1,"2010-2015"
"US53033031100",79,"2010-2015"
"US53033031202",80.9,"2010-2015"
"US53033031204",79.1,"2010-2015"
"US53033031206",81.3,"2010-2015"
"US53033031301",80.2,"2010-2015"
"US53033031302",78.3,"2010-2015"
"US53033031400",74.5,"2010-2015"
"US53033031501",79.4,"2010-2015"
"US53033031502",83.7,"2010-2015"
"US53033031601",84,"2010-2015"
"US53033031603",80.2,"2010-2015"
"US53033031604",81.8,"2010-2015"
"US53033031605",80.7,"2010-2015"
"US53033031703",79.4,"2010-2015"
"US53033031704",79.3,"2010-2015"
"US53033031705",81.4,"2010-2015"
"US53033031706",83.9,"2010-2015"
"US53033031800",84.6,"2010-2015"
"US53033031903",81.7,"2010-2015"
"US53033031904",83.6,"2010-2015"
"US53033031906",81.9,"2010-2015"
"US53033031907",81,"2010-2015"
"US53033031908",82.3,"2010-2015"
"US53033031909",80.8,"2010-2015"
"US53033032002",78.2,"2010-2015"
"US53033032003",84.4,"2010-2015"
"US53033032006",81.8,"2010-2015"
"US53033032007",79.7,"2010-2015"
"US53033032008",78.8,"2010-2015"
"US53033032010",81,"2010-2015"
"US53033032011",80.8,"2010-2015"
"US53033032102",80.5,"2010-2015"
"US53033032103",78.6,"2010-2015"
"US53033032104",80.9,"2010-2015"
"US53033032203",81.6,"2010-2015"
"US53033032207",88.9,"2010-2015"
"US53033032208",84.9,"2010-2015"
"US53033032210",82.1,"2010-2015"
"US53033032211",83.6,"2010-2015"
"US53033032212",81.2,"2010-2015"
"US53033032213",81.8,"2010-2015"
"US53033032214",85.4,"2010-2015"
"US53033032309",80.4,"2010-2015"
"US53033032311",81.2,"2010-2015"
"US53033032313",81.1,"2010-2015"
"US53033032315",80.5,"2010-2015"
"US53033032316",81.8,"2010-2015"
"US53033032317",87.9,"2010-2015"
"US53033032318",84.7,"2010-2015"
"US53033032319",83.2,"2010-2015"
"US53033032320",82.4,"2010-2015"
"US53033032321",83.5,"2010-2015"
"US53033032322",83.4,"2010-2015"
"US53033032323",84.3,"2010-2015"
"US53033032324",87.7,"2010-2015"
"US53033032326",89.1,"2010-2015"
"US53033032328",84.7,"2010-2015"
"US53033032329",81.1,"2010-2015"
"US53033032401",84.2,"2010-2015"
"US53033032500",80.4,"2010-2015"
"US53033032601",80,"2010-2015"
"US53033032602",83.5,"2010-2015"
"US53033032703",77.2,"2010-2015"
"US53033032704",78.3,"2010-2015"
"US53033032800",81.3,"2010-2015"
"US53053060300",78.6,"2010-2015"
"US53053060400",81.8,"2010-2015"
"US53053060500",81.3,"2010-2015"
"US53053060600",81.6,"2010-2015"
"US53053060700",79,"2010-2015"
"US53053060800",77.8,"2010-2015"
"US53053060903",81.8,"2010-2015"
"US53053060904",79.3,"2010-2015"
"US53053060905",80,"2010-2015"
"US53053060906",79.1,"2010-2015"
"US53053061001",81.2,"2010-2015"
"US53053061002",78.7,"2010-2015"
"US53053061100",77.1,"2010-2015"
"US53053061200",76.7,"2010-2015"
"US53053061300",75.9,"2010-2015"
"US53053061400",74.4,"2010-2015"
"US53053061500",76.8,"2010-2015"
"US53053061601",74.5,"2010-2015"
"US53053061700",77.3,"2010-2015"
"US53053061800",75.5,"2010-2015"
"US53053061900",72.6,"2010-2015"
"US53053062000",75.7,"2010-2015"
"US53053062300",76.6,"2010-2015"
"US53053062400",74,"2010-2015"
"US53053062500",73.9,"2010-2015"
"US53053062600",70.9,"2010-2015"
"US53053062801",72.6,"2010-2015"
"US53053062802",77.2,"2010-2015"
"US53053062900",75.6,"2010-2015"
"US53053063000",77.2,"2010-2015"
"US53053063100",78.6,"2010-2015"
"US53053063200",79,"2010-2015"
"US53053063300",75.6,"2010-2015"
"US53053063400",75.5,"2010-2015"
"US53053063501",76.7,"2010-2015"
"US53053063502",75.5,"2010-2015"
"US53053070100",76.2,"2010-2015"
"US53053070203",78.5,"2010-2015"
"US53053070204",78.7,"2010-2015"
"US53053070205",76.8,"2010-2015"
"US53053070206",82.1,"2010-2015"
"US53053070207",76.4,"2010-2015"
"US53053070307",77.6,"2010-2015"
"US53053070308",76.3,"2010-2015"
"US53053070309",78.3,"2010-2015"
"US53053070310",79.5,"2010-2015"
"US53053070311",77.2,"2010-2015"
"US53053070312",80.1,"2010-2015"
"US53053070313",78.1,"2010-2015"
"US53053070314",86.9,"2010-2015"
"US53053070315",81.7,"2010-2015"
"US53053070316",78.6,"2010-2015"
"US53053070401",81,"2010-2015"
"US53053070403",75.6,"2010-2015"
"US53053070404",78.8,"2010-2015"
"US53053070703",79.1,"2010-2015"
"US53053071100",78.7,"2010-2015"
"US53053071205",87.5,"2010-2015"
"US53053071206",78.4,"2010-2015"
"US53053071207",75.2,"2010-2015"
"US53053071208",79.4,"2010-2015"
"US53053071209",79.5,"2010-2015"
"US53053071210",79.3,"2010-2015"
"US53053071304",78.7,"2010-2015"
"US53053071305",78,"2010-2015"
"US53053071306",81.8,"2010-2015"
"US53053071307",79.5,"2010-2015"
"US53053071309",79,"2010-2015"
"US53053071310",80.1,"2010-2015"
"US53053071403",77.6,"2010-2015"
"US53053071406",79.5,"2010-2015"
"US53053071407",77.9,"2010-2015"
"US53053071408",74.8,"2010-2015"
"US53053071409",73.8,"2010-2015"
"US53053071410",79.4,"2010-2015"
"US53053071411",77.7,"2010-2015"
"US53053071503",76,"2010-2015"
"US53053071504",74.2,"2010-2015"
"US53053071505",78.7,"2010-2015"
"US53053071506",80.4,"2010-2015"
"US53053071601",75.3,"2010-2015"
"US53053071602",76.1,"2010-2015"
"US53053071703",72.7,"2010-2015"
"US53053071704",76.8,"2010-2015"
"US53053071705",75.4,"2010-2015"
"US53053071707",74.7,"2010-2015"
"US53053071803",76.1,"2010-2015"
"US53053071805",74.8,"2010-2015"
"US53053071807",75,"2010-2015"
"US53053071808",79.7,"2010-2015"
"US53053071901",78.9,"2010-2015"
"US53053071902",80.5,"2010-2015"
"US53053072000",71.8,"2010-2015"
"US53053072105",79.9,"2010-2015"
"US53053072106",76,"2010-2015"
"US53053072107",79.6,"2010-2015"
"US53053072109",83.6,"2010-2015"
"US53053072111",82.2,"2010-2015"
"US53053072112",77,"2010-2015"
"US53053072305",81.7,"2010-2015"
"US53053072307",80.2,"2010-2015"
"US53053072308",79.5,"2010-2015"
"US53053072309",80.9,"2010-2015"
"US53053072310",81.7,"2010-2015"
"US53053072311",77.8,"2010-2015"
"US53053072312",78.7,"2010-2015"
"US53053072313",83.8,"2010-2015"
"US53053072405",79.5,"2010-2015"
"US53053072406",80.1,"2010-2015"
"US53053072407",78.2,"2010-2015"
"US53053072408",80.6,"2010-2015"
"US53053072409",81,"2010-2015"
"US53053072410",82.3,"2010-2015"
"US53053072503",80.2,"2010-2015"
"US53053072504",86.5,"2010-2015"
"US53053072505",83.2,"2010-2015"
"US53053072506",81.1,"2010-2015"
"US53053072507",80.5,"2010-2015"
"US53053072601",79,"2010-2015"
"US53053072602",80,"2010-2015"
"US53053072603",82.2,"2010-2015"
"US53053072800",80.9,"2010-2015"
"US53053073001",79.1,"2010-2015"
"US53053073005",78.3,"2010-2015"
"US53053073006",78.8,"2010-2015"
"US53053073108",77.7,"2010-2015"
"US53053073111",80.4,"2010-2015"
"US53053073113",79.8,"2010-2015"
"US53053073114",77.7,"2010-2015"
"US53053073115",77.4,"2010-2015"
"US53053073116",77.8,"2010-2015"
"US53053073117",78.2,"2010-2015"
"US53053073118",75.4,"2010-2015"
"US53053073119",75.6,"2010-2015"
"US53053073120",77.9,"2010-2015"
"US53053073121",78.3,"2010-2015"
"US53053073122",78.3,"2010-2015"
"US53053073123",81.8,"2010-2015"
"US53053073124",77.7,"2010-2015"
"US53053073125",76.7,"2010-2015"
"US53053073200",83.4,"2010-2015"
"US53053073301",76.6,"2010-2015"
"US53053073302",80.7,"2010-2015"
"US53053073404",78.2,"2010-2015"
"US53053073405",73.6,"2010-2015"
"US53053073406",81.2,"2010-2015"
"US53053073407",78.1,"2010-2015"
"US53053073408",78.5,"2010-2015"
"US53053073500",83.2,"2010-2015"
"US53053940001",83.7,"2010-2015"
"US53053940002",80.1,"2010-2015"
"US53053940003",78.2,"2010-2015"
"US53053940004",77.4,"2010-2015"
"US53053940005",82.9,"2010-2015"
"US53053940006",73.1,"2010-2015"
"US53053940007",76.3,"2010-2015"
"US53053940008",81.1,"2010-2015"
"US53053940009",80.7,"2010-2015"
"US53053940010",80.1,"2010-2015"
"US53053940011",83.7,"2010-2015"
"US53077000100",74.1,"2010-2015"
"US53077000200",75.7,"2010-2015"
"US53077000300",72.4,"2010-2015"
"US53077000400",82.2,"2010-2015"
"US53077000500",76.1,"2010-2015"
"US53077000600",74.7,"2010-2015"
"US53077000700",74.7,"2010-2015"
"US53077000800",80.5,"2010-2015"
"US53077000901",80.9,"2010-2015"
"US53077000902",81,"2010-2015"
"US53077001000",78,"2010-2015"
"US53077001100",79.7,"2010-2015"
"US53077001201",75.6,"2010-2015"
"US53077001202",76.2,"2010-2015"
"US53077001300",74.8,"2010-2015"
"US53077001400",72.8,"2010-2015"
"US53077001501",79.3,"2010-2015"
"US53077001502",75.4,"2010-2015"
"US53077001601",82.2,"2010-2015"
"US53077001701",80.3,"2010-2015"
"US53077001702",80.7,"2010-2015"
"US53077001800",82.4,"2010-2015"
"US53077001901",75.1,"2010-2015"
"US53077001902",85,"2010-2015"
"US53077002001",79.3,"2010-2015"
"US53077002002",79.6,"2010-2015"
"US53077002101",80.1,"2010-2015"
"US53077002102",80.8,"2010-2015"
"US53077002200",80.8,"2010-2015"
"US53077002701",83.8,"2010-2015"
"US53077002801",80.4,"2010-2015"
"US53077002802",82.4,"2010-2015"
"US53077002900",82.1,"2010-2015"
"US53077003001",79.7,"2010-2015"
"US53077003002",78.8,"2010-2015"
"US53077003100",78.6,"2010-2015"
"US53077003200",79.7,"2010-2015"
"US53077003400",79.2,"2010-2015"
"US53077940001",78.6,"2010-2015"
"US53077940002",72.9,"2010-2015"
"US53077940003",72.8,"2010-2015"
"US53077940004",72.1,"2010-2015"
"US53077940005",76.1,"2010-2015"
"US53077940006",77.1,"2010-2015"
"US24005400100",78.4,"2010-2015"
"US24005400200",76,"2010-2015"
"US24005400400",78.7,"2010-2015"
"US24005400500",80.1,"2010-2015"
"US24005400600",78.9,"2010-2015"
"US24005400701",76.7,"2010-2015"
"US24005400702",76.6,"2010-2015"
"US24005400800",75.7,"2010-2015"
"US24005400900",77.5,"2010-2015"
"US24005401000",76.6,"2010-2015"
"US24005401101",74.5,"2010-2015"
"US24005401200",74.5,"2010-2015"
"US24005401301",78.4,"2010-2015"
"US24005401302",80.8,"2010-2015"
"US24005401400",79,"2010-2015"
"US24005401503",81.9,"2010-2015"
"US24005401504",79.9,"2010-2015"
"US24005401505",78.1,"2010-2015"
"US24005401506",78.8,"2010-2015"
"US24005401507",74.6,"2010-2015"
"US24005402201",76.9,"2010-2015"
"US24005402202",78.2,"2010-2015"
"US24005402302",79.3,"2010-2015"
"US24005402303",78.2,"2010-2015"
"US24005402304",78.8,"2010-2015"
"US24005402305",80.1,"2010-2015"
"US24005402306",78.8,"2010-2015"
"US24005402307",79.2,"2010-2015"
"US24005402403",75.7,"2010-2015"
"US24005402404",76.9,"2010-2015"
"US24005402405",76.1,"2010-2015"
"US24005402407",76.3,"2010-2015"
"US24005402503",76.9,"2010-2015"
"US24005402504",83,"2010-2015"
"US24005402505",79,"2010-2015"
"US24005402506",74.3,"2010-2015"
"US24005402509",80.4,"2010-2015"
"US24005402602",78.6,"2010-2015"
"US24005402603",79.8,"2010-2015"
"US24005402604",76.1,"2010-2015"
"US24005403100",77,"2010-2015"
"US24005403201",74.5,"2010-2015"
"US24005403300",79.6,"2010-2015"
"US24005403401",78.7,"2010-2015"
"US24005403402",79.6,"2010-2015"
"US24005403500",86.4,"2010-2015"
"US24005403601",86.4,"2010-2015"
"US24005403602",80.3,"2010-2015"
"US24005403701",80,"2010-2015"
"US24005403702",79.7,"2010-2015"
"US24005403801",81.9,"2010-2015"
"US24005403802",84.2,"2010-2015"
"US24005403803",84.9,"2010-2015"
"US24005404101",80.1,"2010-2015"
"US24005404102",79.3,"2010-2015"
"US24005404201",79.5,"2010-2015"
"US24005404202",77.6,"2010-2015"
"US24005404402",80.4,"2010-2015"
"US24005404403",82.9,"2010-2015"
"US24005404404",80.8,"2010-2015"
"US24005404501",79.9,"2010-2015"
"US24005404502",77.7,"2010-2015"
"US24005404600",80.8,"2010-2015"
"US24005404800",81.8,"2010-2015"
"US24005404900",79.4,"2010-2015"
"US24005405000",78.4,"2010-2015"
"US24005406000",80.8,"2010-2015"
"US24005407001",77.8,"2010-2015"
"US24005407002",79.3,"2010-2015"
"US24005408100",82.1,"2010-2015"
"US24005408200",83.7,"2010-2015"
"US24005408302",84.3,"2010-2015"
"US24005408303",88.5,"2010-2015"
"US24005408304",81.9,"2010-2015"
"US24005408502",80.3,"2010-2015"
"US24005408503",75.5,"2010-2015"
"US24005408505",79.8,"2010-2015"
"US24005408506",75.9,"2010-2015"
"US24005408507",79.5,"2010-2015"
"US24005408601",80.3,"2010-2015"
"US24005408602",83.7,"2010-2015"
"US24005408702",79.9,"2010-2015"
"US24005408703",85.7,"2010-2015"
"US24005408704",81.3,"2010-2015"
"US24005408800",77.9,"2010-2015"
"US24005408900",82.2,"2010-2015"
"US24005410100",80.9,"2010-2015"
"US24005410200",82.4,"2010-2015"
"US24005411101",81,"2010-2015"
"US24005411102",79.5,"2010-2015"
"US24005411201",81.3,"2010-2015"
"US24005411202",78.9,"2010-2015"
"US24005411302",75.4,"2010-2015"
"US24005411303",80.3,"2010-2015"
"US24005411306",80.4,"2010-2015"
"US24005411307",78.8,"2010-2015"
"US24005411308",78.6,"2010-2015"
"US24005411309",81.1,"2010-2015"
"US24005411404",79.7,"2010-2015"
"US24005411406",80.2,"2010-2015"
"US24005411407",82.1,"2010-2015"
"US24005411408",80.3,"2010-2015"
"US24005411409",80.5,"2010-2015"
"US24005411410",82.9,"2010-2015"
"US24005420100",76.3,"2010-2015"
"US24005420200",77,"2010-2015"
"US24005420301",74.6,"2010-2015"
"US24005420302",73.8,"2010-2015"
"US24005420303",69.6,"2010-2015"
"US24005420401",73.7,"2010-2015"
"US24005420402",73.3,"2010-2015"
"US24005420500",74,"2010-2015"
"US24005420600",71,"2010-2015"
"US24005420701",73.8,"2010-2015"
"US24005420702",72.4,"2010-2015"
"US24005420800",75.3,"2010-2015"
"US24005420900",71.5,"2010-2015"
"US24005421000",69.7,"2010-2015"
"US24005421101",74.2,"2010-2015"
"US24005421102",73.1,"2010-2015"
"US24005421200",71.7,"2010-2015"
"US24005421300",72.8,"2010-2015"
"US24005430101",71.8,"2010-2015"
"US24005430104",74.2,"2010-2015"
"US24005430200",72.3,"2010-2015"
"US24005430300",72,"2010-2015"
"US24005430400",75.4,"2010-2015"
"US24005430600",78.7,"2010-2015"
"US24005430700",80.3,"2010-2015"
"US24005430800",78.2,"2010-2015"
"US24005430900",76.4,"2010-2015"
"US24005440100",76.6,"2010-2015"
"US24005440200",76.8,"2010-2015"
"US24005440300",77.5,"2010-2015"
"US24005440400",79.2,"2010-2015"
"US24005440500",77.5,"2010-2015"
"US24005440600",79.9,"2010-2015"
"US24005440701",78.7,"2010-2015"
"US24005440702",83.7,"2010-2015"
"US24005440800",80.6,"2010-2015"
"US24005440900",79.5,"2010-2015"
"US24005441000",75.2,"2010-2015"
"US24005441101",76.6,"2010-2015"
"US24005441102",79,"2010-2015"
"US24005450100",74.8,"2010-2015"
"US24005450200",73.2,"2010-2015"
"US24005450300",72.1,"2010-2015"
"US24005450400",71.3,"2010-2015"
"US24005450501",72,"2010-2015"
"US24005450503",72.5,"2010-2015"
"US24005450504",73.7,"2010-2015"
"US24005450800",74,"2010-2015"
"US24005450900",78.2,"2010-2015"
"US24005451000",75.2,"2010-2015"
"US24005451100",74,"2010-2015"
"US24005451200",74.2,"2010-2015"
"US24005451300",75.6,"2010-2015"
"US24005451401",73.3,"2010-2015"
"US24005451500",72.8,"2010-2015"
"US24005451600",74.3,"2010-2015"
"US24005451701",74.8,"2010-2015"
"US24005451702",75.9,"2010-2015"
"US24005451801",74.5,"2010-2015"
"US24005451802",75,"2010-2015"
"US24005451803",77.1,"2010-2015"
"US24005451900",76.2,"2010-2015"
"US24005452000",76,"2010-2015"
"US24005452100",75.3,"2010-2015"
"US24005452400",75.5,"2010-2015"
"US24005452500",75,"2010-2015"
"US24005490100",81.8,"2010-2015"
"US24005490200",80.9,"2010-2015"
"US24005490301",79.1,"2010-2015"
"US24005490400",80.4,"2010-2015"
"US24005490500",84.1,"2010-2015"
"US24005490601",86.2,"2010-2015"
"US24005490602",81.6,"2010-2015"
"US24005490603",82.2,"2010-2015"
"US24005490701",80.3,"2010-2015"
"US24005490703",81.7,"2010-2015"
"US24005490800",82,"2010-2015"
"US24005490900",76.6,"2010-2015"
"US24005491000",80.3,"2010-2015"
"US24005491100",81.3,"2010-2015"
"US24005491201",77.5,"2010-2015"
"US24005491202",80.6,"2010-2015"
"US24005491300",81.6,"2010-2015"
"US24005491401",73.6,"2010-2015"
"US24005491402",79.3,"2010-2015"
"US24005491500",79.6,"2010-2015"
"US24005491600",74.4,"2010-2015"
"US24005491701",79,"2010-2015"
"US24005491900",77.5,"2010-2015"
"US24005492001",76.8,"2010-2015"
"US24005492002",78.5,"2010-2015"
"US24005492101",78.1,"2010-2015"
"US24005492102",77.9,"2010-2015"
"US24005492200",77.2,"2010-2015"
"US24005492300",76.2,"2010-2015"
"US24005492401",80,"2010-2015"
"US24005492402",77.2,"2010-2015"
"US24005492600",78.9,"2010-2015"
"US24031700101",82.5,"2010-2015"
"US24031700103",82.5,"2010-2015"
"US24031700104",81.9,"2010-2015"
"US24031700105",78.1,"2010-2015"
"US24031700204",82.4,"2010-2015"
"US24031700205",87.2,"2010-2015"
"US24031700206",82.2,"2010-2015"
"US24031700207",80,"2010-2015"
"US24031700208",77.1,"2010-2015"
"US24031700304",80.4,"2010-2015"
"US24031700306",82.6,"2010-2015"
"US24031700308",80.5,"2010-2015"
"US24031700309",81.5,"2010-2015"
"US24031700310",80.1,"2010-2015"
"US24031700311",80.4,"2010-2015"
"US24031700312",83.3,"2010-2015"
"US24031700400",80.6,"2010-2015"
"US24031700500",79.6,"2010-2015"
"US24031700604",80.6,"2010-2015"
"US24031700606",82.7,"2010-2015"
"US24031700607",84,"2010-2015"
"US24031700608",83.3,"2010-2015"
"US24031700610",80.8,"2010-2015"
"US24031700611",80.8,"2010-2015"
"US24031700613",80.8,"2010-2015"
"US24031700614",82.1,"2010-2015"
"US24031700616",82.8,"2010-2015"
"US24031700704",84.1,"2010-2015"
"US24031700706",81.8,"2010-2015"
"US24031700710",81.5,"2010-2015"
"US24031700711",84.6,"2010-2015"
"US24031700713",77,"2010-2015"
"US24031700715",81.2,"2010-2015"
"US24031700716",82.6,"2010-2015"
"US24031700717",83.2,"2010-2015"
"US24031700718",86.7,"2010-2015"
"US24031700719",78.4,"2010-2015"
"US24031700720",81.5,"2010-2015"
"US24031700721",81.7,"2010-2015"
"US24031700722",80.4,"2010-2015"
"US24031700723",78.5,"2010-2015"
"US24031700724",77,"2010-2015"
"US24031700810",83.5,"2010-2015"
"US24031700811",81.8,"2010-2015"
"US24031700812",81.9,"2010-2015"
"US24031700813",82.6,"2010-2015"
"US24031700815",81.5,"2010-2015"
"US24031700816",80.6,"2010-2015"
"US24031700817",84.9,"2010-2015"
"US24031700819",80.3,"2010-2015"
"US24031700820",78.4,"2010-2015"
"US24031700822",79.6,"2010-2015"
"US24031700824",80.9,"2010-2015"
"US24031700826",88.7,"2010-2015"
"US24031700828",85.8,"2010-2015"
"US24031700829",86.9,"2010-2015"
"US24031700830",79.3,"2010-2015"
"US24031700832",78.7,"2010-2015"
"US24031700835",85.1,"2010-2015"
"US24031700901",83.7,"2010-2015"
"US24031700902",81.7,"2010-2015"
"US24031700903",80.5,"2010-2015"
"US24031700904",79.9,"2010-2015"
"US24031700905",82.8,"2010-2015"
"US24031701001",83.1,"2010-2015"
"US24031701002",87.4,"2010-2015"
"US24031701004",85.4,"2010-2015"
"US24031701005",85.2,"2010-2015"
"US24031701006",82,"2010-2015"
"US24031701007",83.5,"2010-2015"
"US24031701101",81.9,"2010-2015"
"US24031701102",80.6,"2010-2015"
"US24031701201",88.2,"2010-2015"
"US24031701202",82.9,"2010-2015"
"US24031701205",83.5,"2010-2015"
"US24031701206",86.4,"2010-2015"
"US24031701210",85.4,"2010-2015"
"US24031701211",83.6,"2010-2015"
"US24031701212",85.9,"2010-2015"
"US24031701213",90.7,"2010-2015"
"US24031701214",80.9,"2010-2015"
"US24031701215",87.3,"2010-2015"
"US24031701216",80.9,"2010-2015"
"US24031701219",79.8,"2010-2015"
"US24031701303",83.8,"2010-2015"
"US24031701304",85.5,"2010-2015"
"US24031701307",80.4,"2010-2015"
"US24031701308",84.6,"2010-2015"
"US24031701312",83.4,"2010-2015"
"US24031701313",85.2,"2010-2015"
"US24031701314",78.4,"2010-2015"
"US24031701315",85.6,"2010-2015"
"US24031701317",81.7,"2010-2015"
"US24031701407",85,"2010-2015"
"US24031701408",82.3,"2010-2015"
"US24031701409",85.2,"2010-2015"
"US24031701410",80.4,"2010-2015"
"US24031701414",82.3,"2010-2015"
"US24031701415",83.2,"2010-2015"
"US24031701417",80.5,"2010-2015"
"US24031701418",83.8,"2010-2015"
"US24031701420",79,"2010-2015"
"US24031701421",77,"2010-2015"
"US24031701423",77.4,"2010-2015"
"US24031701503",81.7,"2010-2015"
"US24031701505",83.3,"2010-2015"
"US24031701506",85.2,"2010-2015"
"US24031701507",85.4,"2010-2015"
"US24031701508",78.8,"2010-2015"
"US24031701509",81.6,"2010-2015"
"US24031701601",78.4,"2010-2015"
"US24031701602",79.7,"2010-2015"
"US24031701701",84.1,"2010-2015"
"US24031701703",80.5,"2010-2015"
"US24031701704",81.1,"2010-2015"
"US24031701800",85.9,"2010-2015"
"US24031701900",80,"2010-2015"
"US24031702000",77.4,"2010-2015"
"US24031702101",83.1,"2010-2015"
"US24031702102",80.7,"2010-2015"
"US24031702200",84.5,"2010-2015"
"US24031702301",79.7,"2010-2015"
"US24031702302",82.5,"2010-2015"
"US24031702401",79.2,"2010-2015"
"US24031702402",83.8,"2010-2015"
"US24031702500",79.5,"2010-2015"
"US24031702601",79.5,"2010-2015"
"US24031702602",80.5,"2010-2015"
"US24031702700",86.8,"2010-2015"
"US24031702800",83.4,"2010-2015"
"US24031702900",88.8,"2010-2015"
"US24031703000",83.4,"2010-2015"
"US24031703100",84.3,"2010-2015"
"US24031703201",84.7,"2010-2015"
"US24031703202",86.6,"2010-2015"
"US24031703206",83.1,"2010-2015"
"US24031703207",83.4,"2010-2015"
"US24031703208",83.8,"2010-2015"
"US24031703209",82.8,"2010-2015"
"US24031703210",81.5,"2010-2015"
"US24031703212",85,"2010-2015"
"US24031703213",78.3,"2010-2015"
"US24031703214",86.2,"2010-2015"
"US24031703215",83.5,"2010-2015"
"US24031703216",80.5,"2010-2015"
"US24031703220",83.4,"2010-2015"
"US24031703221",81.6,"2010-2015"
"US24031703301",84.5,"2010-2015"
"US24031703302",85.3,"2010-2015"
"US24031703401",82,"2010-2015"
"US24031703402",82.4,"2010-2015"
"US24031703403",80.4,"2010-2015"
"US24031703404",80.9,"2010-2015"
"US24031703501",83,"2010-2015"
"US24031703502",85.6,"2010-2015"
"US24031703601",84.8,"2010-2015"
"US24031703602",77.6,"2010-2015"
"US24031703701",81.9,"2010-2015"
"US24031703702",82.7,"2010-2015"
"US24031703800",81.7,"2010-2015"
"US24031703901",84.9,"2010-2015"
"US24031703902",81.5,"2010-2015"
"US24031704000",85.9,"2010-2015"
"US24031704100",82.9,"2010-2015"
"US24031704200",84.8,"2010-2015"
"US24031704300",82.7,"2010-2015"
"US24031704401",83.3,"2010-2015"
"US24031704403",84.4,"2010-2015"
"US24031704404",87.5,"2010-2015"
"US24031704501",84.3,"2010-2015"
"US24031704502",85.8,"2010-2015"
"US24031704503",87.6,"2010-2015"
"US24031704600",92.4,"2010-2015"
"US24031704700",85.7,"2010-2015"
"US24031704803",80.9,"2010-2015"
"US24031704804",81.1,"2010-2015"
"US24031704805",83.1,"2010-2015"
"US24031704806",77.2,"2010-2015"
"US24031705000",80.7,"2010-2015"
"US24031705100",87.4,"2010-2015"
"US24031705200",83.7,"2010-2015"
"US24031705300",89.6,"2010-2015"
"US24031705400",88.4,"2010-2015"
"US24031705501",80.9,"2010-2015"
"US24031705502",86.4,"2010-2015"
"US24031705601",80.7,"2010-2015"
"US24031705602",96.1,"2010-2015"
"US24031705701",87.6,"2010-2015"
"US24031705702",89.9,"2010-2015"
"US24031705800",93.6,"2010-2015"
"US24031705901",86.9,"2010-2015"
"US24031705903",88.9,"2010-2015"
"US24031706005",84.7,"2010-2015"
"US24031706007",86.2,"2010-2015"
"US24031706008",84.6,"2010-2015"
"US24031706009",88,"2010-2015"
"US24031706010",82.8,"2010-2015"
"US24031706011",86.5,"2010-2015"
"US24031706012",88.2,"2010-2015"
"US24031706013",85.4,"2010-2015"
"US24033800102",78.3,"2010-2015"
"US24033800103",78.9,"2010-2015"
"US24033800105",80.3,"2010-2015"
"US24033800106",80.1,"2010-2015"
"US24033800109",76.9,"2010-2015"
"US24033800203",83.3,"2010-2015"
"US24033800206",79.4,"2010-2015"
"US24033800208",80.3,"2010-2015"
"US24033800209",76.2,"2010-2015"
"US24033800210",77.8,"2010-2015"
"US24033800211",78.7,"2010-2015"
"US24033800212",79.9,"2010-2015"
"US24033800213",79.3,"2010-2015"
"US24033800214",77.8,"2010-2015"
"US24033800215",76.5,"2010-2015"
"US24033800401",81.9,"2010-2015"
"US24033800402",78.5,"2010-2015"
"US24033800403",82.5,"2010-2015"
"US24033800408",79.1,"2010-2015"
"US24033800409",80.2,"2010-2015"
"US24033800410",81.1,"2010-2015"
"US24033800411",82.3,"2010-2015"
"US24033800412",85,"2010-2015"
"US24033800413",77.9,"2010-2015"
"US24033800504",80.4,"2010-2015"
"US24033800505",81.7,"2010-2015"
"US24033800507",80.2,"2010-2015"
"US24033800509",87.3,"2010-2015"
"US24033800511",80.5,"2010-2015"
"US24033800513",80.3,"2010-2015"
"US24033800514",80.1,"2010-2015"
"US24033800515",82.8,"2010-2015"
"US24033800516",81.9,"2010-2015"
"US24033800517",80.3,"2010-2015"
"US24033800518",80,"2010-2015"
"US24033800519",84.9,"2010-2015"
"US24033800520",76.3,"2010-2015"
"US24033800601",78.3,"2010-2015"
"US24033800604",78.4,"2010-2015"
"US24033800605",77.8,"2010-2015"
"US24033800607",79.9,"2010-2015"
"US24033800701",82,"2010-2015"
"US24033800704",78.2,"2010-2015"
"US24033800705",78.8,"2010-2015"
"US24033800706",79.4,"2010-2015"
"US24033800707",78.7,"2010-2015"
"US24033800800",80.5,"2010-2015"
"US24033800900",81.2,"2010-2015"
"US24033801003",77,"2010-2015"
"US24033801004",77.7,"2010-2015"
"US24033801005",76.6,"2010-2015"
"US24033801006",79.6,"2010-2015"
"US24033801207",82.2,"2010-2015"
"US24033801208",79.9,"2010-2015"
"US24033801209",78.9,"2010-2015"
"US24033801211",77.7,"2010-2015"
"US24033801212",80.4,"2010-2015"
"US24033801213",81.5,"2010-2015"
"US24033801214",79.5,"2010-2015"
"US24033801215",78.8,"2010-2015"
"US24033801216",81.4,"2010-2015"
"US24033801217",76.7,"2010-2015"
"US24033801302",79.4,"2010-2015"
"US24033801305",83.1,"2010-2015"
"US24033801307",88.3,"2010-2015"
"US24033801308",84.5,"2010-2015"
"US24033801309",82.7,"2010-2015"
"US24033801310",83.2,"2010-2015"
"US24033801311",80,"2010-2015"
"US24033801312",82.7,"2010-2015"
"US24033801313",78.4,"2010-2015"
"US24033801404",78.1,"2010-2015"
"US24033801405",80.7,"2010-2015"
"US24033801406",81.6,"2010-2015"
"US24033801407",78.7,"2010-2015"
"US24033801408",82.1,"2010-2015"
"US24033801410",84,"2010-2015"
"US24033801411",83,"2010-2015"
"US24033801500",83.5,"2010-2015"
"US24033801701",75.9,"2010-2015"
"US24033801702",78.4,"2010-2015"
"US24033801706",74.8,"2010-2015"
"US24033801707",80,"2010-2015"
"US24033801708",78.1,"2010-2015"
"US24033801801",79.1,"2010-2015"
"US24033801802",77.7,"2010-2015"
"US24033801804",79.7,"2010-2015"
"US24033801805",73.1,"2010-2015"
"US24033801807",81.2,"2010-2015"
"US24033801808",76.1,"2010-2015"
"US24033801901",78.7,"2010-2015"
"US24033801904",78.5,"2010-2015"
"US24033801905",78.7,"2010-2015"
"US24033801906",70.2,"2010-2015"
"US24033801907",76.4,"2010-2015"
"US24033801908",80,"2010-2015"
"US24033802001",77.1,"2010-2015"
"US24033802002",75.9,"2010-2015"
"US24033802103",81.4,"2010-2015"
"US24033802104",71.9,"2010-2015"
"US24033802107",74.8,"2010-2015"
"US24033802201",79.6,"2010-2015"
"US24033802203",76.4,"2010-2015"
"US24033802204",79.9,"2010-2015"
"US24033802301",77.5,"2010-2015"
"US24033802404",73.5,"2010-2015"
"US24033802405",83.5,"2010-2015"
"US24033802407",75.2,"2010-2015"
"US24033802408",76.9,"2010-2015"
"US24033802501",76.1,"2010-2015"
"US24033802502",79.9,"2010-2015"
"US24033802700",77,"2010-2015"
"US24033802803",79.3,"2010-2015"
"US24033802804",80.7,"2010-2015"
"US24033802805",82,"2010-2015"
"US24033802901",73.7,"2010-2015"
"US24033803001",77.9,"2010-2015"
"US24033803002",79.4,"2010-2015"
"US24033803100",78.8,"2010-2015"
"US24033803200",71.8,"2010-2015"
"US24033803300",79.5,"2010-2015"
"US24033803401",71.6,"2010-2015"
"US24033803402",78.8,"2010-2015"
"US24033803508",76.9,"2010-2015"
"US24033803509",76.4,"2010-2015"
"US24033803512",78.2,"2010-2015"
"US24033803513",78.6,"2010-2015"
"US24033803514",75.6,"2010-2015"
"US24033803516",82.3,"2010-2015"
"US24033803519",79.9,"2010-2015"
"US24033803520",80.6,"2010-2015"
"US24033803521",81.8,"2010-2015"
"US24033803522",79.3,"2010-2015"
"US24033803523",85.4,"2010-2015"
"US24033803524",77.2,"2010-2015"
"US24033803525",75.2,"2010-2015"
"US24033803526",80.8,"2010-2015"
"US24033803527",80.6,"2010-2015"
"US24033803601",81.7,"2010-2015"
"US24033803602",75.7,"2010-2015"
"US24033803605",83.7,"2010-2015"
"US24033803606",81,"2010-2015"
"US24033803607",81,"2010-2015"
"US24033803608",79.9,"2010-2015"
"US24033803610",83.2,"2010-2015"
"US24033803612",77.4,"2010-2015"
"US24033803613",78.2,"2010-2015"
"US24033803700",82,"2010-2015"
"US24033803801",79.6,"2010-2015"
"US24033803803",84.8,"2010-2015"
"US24033803900",78.2,"2010-2015"
"US24033804001",75.8,"2010-2015"
"US24033804002",79.6,"2010-2015"
"US24033804101",77.8,"2010-2015"
"US24033804102",79,"2010-2015"
"US24033804200",78.1,"2010-2015"
"US24033804300",75.9,"2010-2015"
"US24033804400",79.3,"2010-2015"
"US24033804600",83.2,"2010-2015"
"US24033804700",82.6,"2010-2015"
"US24033804802",74.7,"2010-2015"
"US24033804900",79.7,"2010-2015"
"US24033805000",84.2,"2010-2015"
"US24033805101",77.4,"2010-2015"
"US24033805201",74.7,"2010-2015"
"US24033805202",78.9,"2010-2015"
"US24033805500",79.9,"2010-2015"
"US24033805601",75.3,"2010-2015"
"US24033805700",84.1,"2010-2015"
"US24033805801",80.1,"2010-2015"
"US24033805802",76.2,"2010-2015"
"US24033805904",80.3,"2010-2015"
"US24033805906",78.4,"2010-2015"
"US24033805907",78.4,"2010-2015"
"US24033805909",80,"2010-2015"
"US24033806000",84.9,"2010-2015"
"US24033806100",77.6,"2010-2015"
"US24033806200",81.7,"2010-2015"
"US24033806300",78.1,"2010-2015"
"US24033806400",86.2,"2010-2015"
"US24033806501",82.2,"2010-2015"
"US24033806601",77.9,"2010-2015"
"US24033806602",77.4,"2010-2015"
"US24033806706",84.4,"2010-2015"
"US24033806708",81.2,"2010-2015"
"US24033806711",87.9,"2010-2015"
"US24033806712",79.9,"2010-2015"
"US24033806800",82.7,"2010-2015"
"US24033806900",80.6,"2010-2015"
"US24033807000",79.3,"2010-2015"
"US24033807102",80.1,"2010-2015"
"US24033807301",81.9,"2010-2015"
"US24033807304",84.3,"2010-2015"
"US24033807305",83.9,"2010-2015"
"US24033807404",85.3,"2010-2015"
"US24033807405",82.1,"2010-2015"
"US24033807407",85,"2010-2015"
"US24033807408",81.2,"2010-2015"
"US24033807409",78.1,"2010-2015"
"US24033807410",78.4,"2010-2015"
"US24510010100",77.4,"2010-2015"
"US24510010200",71.4,"2010-2015"
"US24510010300",73.4,"2010-2015"
"US24510010400",76.5,"2010-2015"
"US24510010500",79,"2010-2015"
"US24510020100",76,"2010-2015"
"US24510020200",80.6,"2010-2015"
"US24510020300",76.7,"2010-2015"
"US24510030100",70.3,"2010-2015"
"US24510030200",74.5,"2010-2015"
"US24510060100",70.6,"2010-2015"
"US24510060200",71.2,"2010-2015"
"US24510060300",73.4,"2010-2015"
"US24510060400",68.1,"2010-2015"
"US24510070200",65.9,"2010-2015"
"US24510070300",62.6,"2010-2015"
"US24510070400",73.1,"2010-2015"
"US24510080101",75.7,"2010-2015"
"US24510080102",66.4,"2010-2015"
"US24510080200",69.6,"2010-2015"
"US24510080301",62.8,"2010-2015"
"US24510080500",65.1,"2010-2015"
"US24510080600",68.3,"2010-2015"
"US24510080800",64.6,"2010-2015"
"US24510090100",68.8,"2010-2015"
"US24510090200",77.1,"2010-2015"
"US24510090300",74,"2010-2015"
"US24510090400",74.6,"2010-2015"
"US24510090500",75.2,"2010-2015"
"US24510090600",72.5,"2010-2015"
"US24510090700",68.7,"2010-2015"
"US24510090800",66.2,"2010-2015"
"US24510090900",65.2,"2010-2015"
"US24510110200",73,"2010-2015"
"US24510120100",85.8,"2010-2015"
"US24510120201",78.9,"2010-2015"
"US24510120300",67.9,"2010-2015"
"US24510120400",73.5,"2010-2015"
"US24510120500",76.7,"2010-2015"
"US24510120600",68.1,"2010-2015"
"US24510130100",69.7,"2010-2015"
"US24510130200",76.7,"2010-2015"
"US24510130300",69.1,"2010-2015"
"US24510130400",72.2,"2010-2015"
"US24510130600",75,"2010-2015"
"US24510130700",80.5,"2010-2015"
"US24510130804",71.7,"2010-2015"
"US24510130805",74.3,"2010-2015"
"US24510130806",79.9,"2010-2015"
"US24510140100",78.3,"2010-2015"
"US24510140200",71.7,"2010-2015"
"US24510140300",69.2,"2010-2015"
"US24510150100",71.7,"2010-2015"
"US24510150200",67.9,"2010-2015"
"US24510150300",73.1,"2010-2015"
"US24510150400",69.5,"2010-2015"
"US24510150500",71.4,"2010-2015"
"US24510150600",67.5,"2010-2015"
"US24510150701",71.9,"2010-2015"
"US24510150702",66.1,"2010-2015"
"US24510150800",73.7,"2010-2015"
"US24510150900",70.2,"2010-2015"
"US24510151000",70.8,"2010-2015"
"US24510151100",73.7,"2010-2015"
"US24510151200",70.4,"2010-2015"
"US24510151300",69.3,"2010-2015"
"US24510160100",73.1,"2010-2015"
"US24510160200",71.1,"2010-2015"
"US24510160300",72.7,"2010-2015"
"US24510160400",68.6,"2010-2015"
"US24510160500",67.8,"2010-2015"
"US24510160600",65.6,"2010-2015"
"US24510160700",64.1,"2010-2015"
"US24510160801",71.8,"2010-2015"
"US24510160802",71.4,"2010-2015"
"US24510170100",76.4,"2010-2015"
"US24510170200",65.3,"2010-2015"
"US24510170300",68.6,"2010-2015"
"US24510180100",64.3,"2010-2015"
"US24510180200",63.6,"2010-2015"
"US24510190100",72.1,"2010-2015"
"US24510190200",68.7,"2010-2015"
"US24510190300",69.7,"2010-2015"
"US24510200100",69.5,"2010-2015"
"US24510200300",72.1,"2010-2015"
"US24510200400",66.7,"2010-2015"
"US24510200500",67.4,"2010-2015"
"US24510200600",69.2,"2010-2015"
"US24510200701",70.8,"2010-2015"
"US24510200800",71.3,"2010-2015"
"US24510210100",74.3,"2010-2015"
"US24510210200",67.9,"2010-2015"
"US24510220100",80.1,"2010-2015"
"US24510230100",69.9,"2010-2015"
"US24510230200",72.5,"2010-2015"
"US24510230300",72.4,"2010-2015"
"US24510240100",78.7,"2010-2015"
"US24510240200",86,"2010-2015"
"US24510240300",80.7,"2010-2015"
"US24510240400",76.3,"2010-2015"
"US24510250101",74.7,"2010-2015"
"US24510250102",75.9,"2010-2015"
"US24510250103",74,"2010-2015"
"US24510250203",71.2,"2010-2015"
"US24510250204",65.6,"2010-2015"
"US24510250205",71.2,"2010-2015"
"US24510250206",74.3,"2010-2015"
"US24510250207",73.5,"2010-2015"
"US24510250301",69.3,"2010-2015"
"US24510250303",72.1,"2010-2015"
"US24510250401",68.1,"2010-2015"
"US24510250402",70,"2010-2015"
"US24510260101",74.2,"2010-2015"
"US24510260102",72.7,"2010-2015"
"US24510260201",72.7,"2010-2015"
"US24510260202",69.5,"2010-2015"
"US24510260203",69.4,"2010-2015"
"US24510260301",69.8,"2010-2015"
"US24510260302",72.6,"2010-2015"
"US24510260401",70.7,"2010-2015"
"US24510260402",73.1,"2010-2015"
"US24510260403",72.7,"2010-2015"
"US24510260501",76.9,"2010-2015"
"US24510260604",65,"2010-2015"
"US24510260605",72.3,"2010-2015"
"US24510260700",73.2,"2010-2015"
"US24510260800",70.4,"2010-2015"
"US24510260900",78.7,"2010-2015"
"US24510261000",71.2,"2010-2015"
"US24510261100",75.4,"2010-2015"
"US24510270101",76.9,"2010-2015"
"US24510270102",74.3,"2010-2015"
"US24510270200",80,"2010-2015"
"US24510270301",77.2,"2010-2015"
"US24510270302",75.7,"2010-2015"
"US24510270401",73.5,"2010-2015"
"US24510270402",74.9,"2010-2015"
"US24510270501",76.7,"2010-2015"
"US24510270502",74.3,"2010-2015"
"US24510270600",75,"2010-2015"
"US24510270701",72.2,"2010-2015"
"US24510270702",73.1,"2010-2015"
"US24510270703",76.1,"2010-2015"
"US24510270801",77,"2010-2015"
"US24510270802",75.7,"2010-2015"
"US24510270803",76,"2010-2015"
"US24510270804",77.7,"2010-2015"
"US24510270805",72.5,"2010-2015"
"US24510270901",72.9,"2010-2015"
"US24510270902",76.3,"2010-2015"
"US24510270903",74.5,"2010-2015"
"US24510271001",72.5,"2010-2015"
"US24510271002",74.5,"2010-2015"
"US24510271101",79.4,"2010-2015"
"US24510271102",80.5,"2010-2015"
"US24510271200",80.8,"2010-2015"
"US24510271300",82.2,"2010-2015"
"US24510271400",84.3,"2010-2015"
"US24510271501",81.3,"2010-2015"
"US24510271503",80.1,"2010-2015"
"US24510271600",73.8,"2010-2015"
"US24510271700",67.7,"2010-2015"
"US24510271801",69.3,"2010-2015"
"US24510271802",71.6,"2010-2015"
"US24510271900",77.6,"2010-2015"
"US24510272003",81.4,"2010-2015"
"US24510272004",87.3,"2010-2015"
"US24510272005",82.9,"2010-2015"
"US24510272006",80.4,"2010-2015"
"US24510272007",78.5,"2010-2015"
"US24510280101",78.6,"2010-2015"
"US24510280102",75.7,"2010-2015"
"US24510280200",78.7,"2010-2015"
"US24510280301",71.8,"2010-2015"
"US24510280302",75.3,"2010-2015"
"US24510280401",74.4,"2010-2015"
"US24510280402",75.9,"2010-2015"
"US24510280403",76.7,"2010-2015"
"US24510280404",68.4,"2010-2015"
"US24510280500",67,"2010-2015"
